<?xml version="1.0" encoding="utf-8"?>
<toolset id="apps_toolset" template="true">
   <tool id="favorites" quick_access_eligible="false" toolset_id="apps_toolset" type="group">
      <child_tool id="cftool" toolset_id="curvefit_toolset"/>
      <child_tool id="optimtool" toolset_id="optim_toolset"/>
      <child_tool id="pidTuner" toolset_id="control_toolset"/>
      <child_tool id="systemIdentification" toolset_id="ident_toolset"/>
      <child_tool id="signalAnalyzer" toolset_id="signal_toolset"/>
      <child_tool id="imaqtool" toolset_id="imaq_toolset"/>
      <child_tool id="tmtool" toolset_id="instrument_toolset"/>
      <child_tool id="simbiology" toolset_id="simbio_toolset"/>
      <child_tool id="ccoder" toolset_id="matlabcoder_toolset"/>
      <child_tool id="applicationCompiler" toolset_id="compiler_toolset"/>
   </tool>
   <tool id="simulation_products" quick_access_eligible="false" toolset_id="apps_toolset" type="group">
      <child_tool id="vrplay" toolset_id="sl3d_toolset"/>
      <child_tool id="vredit" toolset_id="sl3d_toolset"/>
   </tool>
   <tool id="code_verify_products" quick_access_eligible="false" toolset_id="apps_toolset" type="group">
      <child_tool id="polyspaceBugFinder" toolset_id="polyspace_toolset"/>
      <child_tool id="polyspaceCodeProver" toolset_id="polyspace_toolset"/>
   </tool>
   <tool id="internal" quick_access_eligible="false" toolset_id="apps_toolset" type="group"/>
   <tool id="my_apps" quick_access_eligible="false" toolset_id="apps_toolset" type="group">
      <child_tool id="75441194-f651-4081-bb0e-33b6fa2f8433" toolset_id="user_apps_toolset"/>
      <child_tool id="5cdfd475-8901-4324-8ce6-1b4e6e4c2d33" toolset_id="user_apps_toolset"/>
   </tool>
   <tool id="control_products" quick_access_eligible="false" toolset_id="apps_toolset" type="group">
      <child_tool id="controlSystemDesigner" toolset_id="control_toolset"/>
      <child_tool id="controlSystemTuner" toolset_id="control_toolset"/>
      <child_tool id="fuzzyLogicDesigner" toolset_id="fuzzy_toolset"/>
      <child_tool id="linearSystemAnalyzer" toolset_id="control_toolset"/>
      <child_tool id="modelReducer" toolset_id="control_toolset"/>
      <child_tool id="mpcDesigner" toolset_id="mpc_toolset"/>
      <child_tool id="neuroFuzzyDesigner" toolset_id="fuzzy_toolset"/>
      <child_tool id="pidTuner" toolset_id="control_toolset"/>
      <child_tool id="systemIdentification" toolset_id="ident_toolset"/>
   </tool>
   <tool id="verification_products" quick_access_eligible="false" toolset_id="apps_toolset" type="group"/>
   <tool id="signal_products" quick_access_eligible="false" toolset_id="apps_toolset" type="group">
      <child_tool id="antennaDesigner" toolset_id="antenna_toolset"/>
      <child_tool id="bertool" toolset_id="comm_toolset"/>
      <child_tool id="eyescope" toolset_id="comm_toolset"/>
      <child_tool id="filterbuilder" toolset_id="dsp_toolset"/>
      <child_tool id="fdatool" toolset_id="signal_toolset"/>
      <child_tool id="lteDownlinkRMCGenerator" toolset_id="lte_toolset"/>
      <child_tool id="lteTestModelGenerator" toolset_id="lte_toolset"/>
      <child_tool id="lteThroughputAnalyzer" toolset_id="lte_toolset"/>
      <child_tool id="lteUplinkRMCGenerator" toolset_id="lte_toolset"/>
      <child_tool id="radareqapp" toolset_id="phased_toolset"/>
      <child_tool id="waveformapp" toolset_id="phased_toolset"/>
      <child_tool id="rfBudgetAnalyzer" toolset_id="rf_toolset"/>
      <child_tool id="arrayapp" toolset_id="phased_toolset"/>
      <child_tool id="signalAnalyzer" toolset_id="signal_toolset"/>
      <child_tool id="sonareqapp" toolset_id="phased_toolset"/>
      <child_tool id="wavemenu" toolset_id="wavelet_toolset"/>
      <child_tool id="waveletSignalDenoiser" toolset_id="wavelet_toolset"/>
      <child_tool id="wintool" toolset_id="signal_toolset"/>
   </tool>
   <tool id="deployment_products" quick_access_eligible="false" toolset_id="apps_toolset" type="group">
      <child_tool id="applicationCompiler" toolset_id="compiler_toolset"/>
      <child_tool id="hadoopCompiler" toolset_id="compiler_toolset"/>
      <child_tool id="libraryCompiler" toolset_id="compiler_toolset"/>
      <child_tool id="serverArchiveCompiler" toolset_id="compilersdk_toolset"/>
   </tool>
   <tool id="finance_products" quick_access_eligible="false" toolset_id="apps_toolset" type="group">
      <child_tool id="binningexplorerapp" toolset_id="risk_toolset"/>
      <child_tool id="ftstool" toolset_id="finance_toolset"/>
   </tool>
   <tool id="image_products" quick_access_eligible="false" toolset_id="apps_toolset" type="group">
      <child_tool id="cameraCalibrator" toolset_id="vision_toolset"/>
      <child_tool id="colorThresholder" toolset_id="image_toolset"/>
      <child_tool id="imageBrowser" toolset_id="image_toolset"/>
      <child_tool id="imaqtool" toolset_id="imaq_toolset"/>
      <child_tool id="imageBatchProcessor" toolset_id="image_toolset"/>
      <child_tool id="imageLabeler" toolset_id="vision_toolset"/>
      <child_tool id="imageRegionAnalyzer" toolset_id="image_toolset"/>
      <child_tool id="imageSegmenter" toolset_id="image_toolset"/>
      <child_tool id="imtool" toolset_id="image_toolset"/>
      <child_tool id="mapview" toolset_id="map_toolset"/>
      <child_tool id="ocrTrainer" toolset_id="vision_toolset"/>
      <child_tool id="registrationEstimator" toolset_id="image_toolset"/>
      <child_tool id="stereoCameraCalibrator" toolset_id="vision_toolset"/>
      <child_tool id="implay" toolset_id="image_toolset"/>
      <child_tool id="volumeViewer" toolset_id="image_toolset"/>
   </tool>
   <tool id="test_products" quick_access_eligible="false" toolset_id="apps_toolset" type="group">
      <child_tool id="tmtool" toolset_id="instrument_toolset"/>
   </tool>
   <tool id="math_products" quick_access_eligible="false" toolset_id="apps_toolset" type="group">
      <child_tool id="ml_classification" toolset_id="mlearnapp_toolset"/>
      <child_tool id="cftool" toolset_id="curvefit_toolset"/>
      <child_tool id="dfittool" toolset_id="stats_toolset"/>
      <child_tool id="nctool" toolset_id="nnet_toolset"/>
      <child_tool id="nftool" toolset_id="nnet_toolset"/>
      <child_tool id="nprtool" toolset_id="nnet_toolset"/>
      <child_tool id="ntstool" toolset_id="nnet_toolset"/>
      <child_tool id="optimtool" toolset_id="optim_toolset"/>
      <child_tool id="pdetool" toolset_id="pde_toolset"/>
      <child_tool id="ml_regression" toolset_id="mlearnapp_toolset"/>
   </tool>
   <tool id="code_gen_products" quick_access_eligible="false" toolset_id="apps_toolset" type="group">
      <child_tool id="fixedPointConverter" toolset_id="fixedpointconverter_toolset"/>
      <child_tool id="hdlcoder" toolset_id="hdlcoder_toolset"/>
      <child_tool id="ccoder" toolset_id="matlabcoder_toolset"/>
   </tool>
   <tool id="database_products" quick_access_eligible="false" toolset_id="apps_toolset" type="group">
      <child_tool id="databaseExplorer" toolset_id="database_toolset"/>
      <child_tool id="report" toolset_id="rptgen_toolset"/>
   </tool>
   <tool id="biology_products" quick_access_eligible="false" toolset_id="apps_toolset" type="group">
      <child_tool id="molviewer" toolset_id="bioinfo_toolset"/>
      <child_tool id="ngsbrowser" toolset_id="bioinfo_toolset"/>
      <child_tool id="phytreeviewer" toolset_id="bioinfo_toolset"/>
      <child_tool id="seqalignviewer" toolset_id="bioinfo_toolset"/>
      <child_tool id="seqviewer" toolset_id="bioinfo_toolset"/>
      <child_tool id="simbiology" toolset_id="simbio_toolset"/>
   </tool>
   <tool id="apps" quick_access_eligible="false" toolset_id="apps_toolset" type="gallery">
      <child_tool id="favorites" toolset_id="apps_toolset"/>
      <child_tool id="my_apps" toolset_id="apps_toolset"/>
      <child_tool id="math_products" toolset_id="apps_toolset"/>
      <child_tool id="control_products" toolset_id="apps_toolset"/>
      <child_tool id="signal_products" toolset_id="apps_toolset"/>
      <child_tool id="image_products" toolset_id="apps_toolset"/>
      <child_tool id="test_products" toolset_id="apps_toolset"/>
      <child_tool id="finance_products" toolset_id="apps_toolset"/>
      <child_tool id="biology_products" toolset_id="apps_toolset"/>
      <child_tool id="code_gen_products" toolset_id="apps_toolset"/>
      <child_tool id="deployment_products" toolset_id="apps_toolset"/>
      <child_tool id="database_products" toolset_id="apps_toolset"/>
      <child_tool id="simulation_products" toolset_id="apps_toolset"/>
      <child_tool id="code_verify_products" toolset_id="apps_toolset"/>
      <child_tool id="verification_products" toolset_id="apps_toolset"/>
      <child_tool id="internal" toolset_id="apps_toolset"/>
   </tool>
   <toolset id="database_toolset" template="true">
      <tool id="databaseExplorer" toolset_id="database_toolset"/>
   </toolset>
   <toolset id="fuzzy_toolset" template="true">
      <tool id="fuzzyLogicDesigner" toolset_id="fuzzy_toolset"/>
      <tool id="neuroFuzzyDesigner" toolset_id="fuzzy_toolset"/>
   </toolset>
   <toolset id="user_apps_toolset" template="true">
      <tool id="5cdfd475-8901-4324-8ce6-1b4e6e4c2d33" toolset_id="user_apps_toolset"/>
      <tool id="75441194-f651-4081-bb0e-33b6fa2f8433" toolset_id="user_apps_toolset"/>
   </toolset>
   <toolset id="curvefit_toolset" template="true">
      <tool id="cftool" toolset_id="curvefit_toolset"/>
   </toolset>
   <toolset id="risk_toolset" template="true">
      <tool id="binningexplorerapp" toolset_id="risk_toolset"/>
   </toolset>
   <toolset id="instrument_toolset" template="true">
      <tool id="tmtool" toolset_id="instrument_toolset"/>
   </toolset>
   <toolset id="stats_toolset" template="true">
      <tool id="dfittool" toolset_id="stats_toolset"/>
   </toolset>
   <toolset id="fixedpointconverter_toolset" template="true">
      <tool id="fixedPointConverter" toolset_id="fixedpointconverter_toolset"/>
   </toolset>
   <toolset id="nnet_toolset" template="true">
      <tool id="nprtool" toolset_id="nnet_toolset"/>
      <tool id="nctool" toolset_id="nnet_toolset"/>
      <tool id="nftool" toolset_id="nnet_toolset"/>
      <tool id="ntstool" toolset_id="nnet_toolset"/>
   </toolset>
   <toolset id="phased_toolset" template="true">
      <tool id="sonareqapp" toolset_id="phased_toolset"/>
      <tool id="waveformapp" toolset_id="phased_toolset"/>
      <tool id="arrayapp" toolset_id="phased_toolset"/>
      <tool id="radareqapp" toolset_id="phased_toolset"/>
   </toolset>
   <toolset id="antenna_toolset" template="true">
      <tool id="antennaDesigner" toolset_id="antenna_toolset"/>
   </toolset>
   <toolset id="compilersdk_toolset" template="true">
      <tool id="serverArchiveCompiler" toolset_id="compilersdk_toolset"/>
   </toolset>
   <toolset id="control_toolset" template="true">
      <tool id="controlSystemTuner" toolset_id="control_toolset"/>
      <tool id="pidTuner" toolset_id="control_toolset"/>
      <tool id="controlSystemDesigner" toolset_id="control_toolset"/>
      <tool id="linearSystemAnalyzer" toolset_id="control_toolset"/>
      <tool id="modelReducer" toolset_id="control_toolset"/>
   </toolset>
   <toolset id="dsp_toolset" template="true">
      <tool id="filterbuilder" toolset_id="dsp_toolset"/>
   </toolset>
   <toolset id="matlabcoder_toolset" template="true">
      <tool id="ccoder" toolset_id="matlabcoder_toolset"/>
   </toolset>
   <toolset id="image_toolset" template="true">
      <tool id="volumeViewer" toolset_id="image_toolset"/>
      <tool id="colorThresholder" toolset_id="image_toolset"/>
      <tool id="implay" toolset_id="image_toolset"/>
      <tool id="imageBrowser" toolset_id="image_toolset"/>
      <tool id="imageBatchProcessor" toolset_id="image_toolset"/>
      <tool id="registrationEstimator" toolset_id="image_toolset"/>
      <tool id="imageRegionAnalyzer" toolset_id="image_toolset"/>
      <tool id="imageSegmenter" toolset_id="image_toolset"/>
      <tool id="imtool" toolset_id="image_toolset"/>
   </toolset>
   <toolset id="signal_toolset" template="true">
      <tool id="wintool" toolset_id="signal_toolset"/>
      <tool id="signalAnalyzer" toolset_id="signal_toolset"/>
      <tool id="fdatool" toolset_id="signal_toolset"/>
   </toolset>
   <toolset id="wavelet_toolset" template="true">
      <tool id="waveletSignalDenoiser" toolset_id="wavelet_toolset"/>
      <tool id="wavemenu" toolset_id="wavelet_toolset"/>
   </toolset>
   <toolset id="map_toolset" template="true">
      <tool id="mapview" toolset_id="map_toolset"/>
   </toolset>
   <toolset id="vision_toolset" template="true">
      <tool id="imageLabeler" toolset_id="vision_toolset"/>
      <tool id="cameraCalibrator" toolset_id="vision_toolset"/>
      <tool id="ocrTrainer" toolset_id="vision_toolset"/>
      <tool id="stereoCameraCalibrator" toolset_id="vision_toolset"/>
   </toolset>
   <toolset id="compiler_toolset" template="true">
      <tool id="hadoopCompiler" toolset_id="compiler_toolset"/>
      <tool id="libraryCompiler" toolset_id="compiler_toolset"/>
      <tool id="applicationCompiler" toolset_id="compiler_toolset"/>
   </toolset>
   <toolset id="hdlcoder_toolset" template="true">
      <tool id="hdlcoder" toolset_id="hdlcoder_toolset"/>
   </toolset>
   <toolset id="finance_toolset" template="true">
      <tool id="ftstool" toolset_id="finance_toolset"/>
   </toolset>
   <toolset id="optim_toolset" template="true">
      <tool id="optimtool" toolset_id="optim_toolset"/>
   </toolset>
   <toolset id="pde_toolset" template="true">
      <tool id="pdetool" toolset_id="pde_toolset"/>
   </toolset>
   <toolset id="simbio_toolset" template="true">
      <tool id="simbiology" toolset_id="simbio_toolset"/>
   </toolset>
   <toolset id="rf_toolset" template="true">
      <tool id="rfBudgetAnalyzer" toolset_id="rf_toolset"/>
   </toolset>
   <toolset id="mlearnapp_toolset" template="true">
      <tool id="ml_regression" toolset_id="mlearnapp_toolset"/>
      <tool id="ml_classification" toolset_id="mlearnapp_toolset"/>
   </toolset>
   <toolset id="ident_toolset" template="true">
      <tool id="systemIdentification" toolset_id="ident_toolset"/>
   </toolset>
   <toolset id="bioinfo_toolset" template="true">
      <tool id="ngsbrowser" toolset_id="bioinfo_toolset"/>
      <tool id="seqalignviewer" toolset_id="bioinfo_toolset"/>
      <tool id="molviewer" toolset_id="bioinfo_toolset"/>
      <tool id="seqviewer" toolset_id="bioinfo_toolset"/>
      <tool id="phytreeviewer" toolset_id="bioinfo_toolset"/>
   </toolset>
   <toolset id="rptgen_toolset" template="true">
      <tool id="report" toolset_id="rptgen_toolset"/>
   </toolset>
   <toolset id="sl3d_toolset" template="true">
      <tool id="vrplay" toolset_id="sl3d_toolset"/>
      <tool id="vredit" toolset_id="sl3d_toolset"/>
   </toolset>
   <toolset id="lte_toolset" template="true">
      <tool id="lteDownlinkRMCGenerator" toolset_id="lte_toolset"/>
      <tool id="lteThroughputAnalyzer" toolset_id="lte_toolset"/>
      <tool id="lteUplinkRMCGenerator" toolset_id="lte_toolset"/>
      <tool id="lteTestModelGenerator" toolset_id="lte_toolset"/>
   </toolset>
   <toolset id="polyspace_toolset" template="true">
      <tool id="polyspaceBugFinder" toolset_id="polyspace_toolset"/>
      <tool id="polyspaceCodeProver" toolset_id="polyspace_toolset"/>
   </toolset>
   <toolset id="comm_toolset" template="true">
      <tool id="eyescope" toolset_id="comm_toolset"/>
      <tool id="bertool" toolset_id="comm_toolset"/>
   </toolset>
   <toolset id="mpc_toolset" template="true">
      <tool id="mpcDesigner" toolset_id="mpc_toolset"/>
   </toolset>
   <toolset id="imaq_toolset" template="true">
      <tool id="imaqtool" toolset_id="imaq_toolset"/>
   </toolset>
</toolset>